{
    "name": "MainPipeline",
    "properties": {
        "activities": [
            {
                "name": "Validation Activity Folder exists or not",
                "type": "Validation",
                "dependsOn": [
                    {
                        "activity": "Execute Pipeline1",
                        "dependencyConditions": [
                            "Failed"
                        ]
                    }
                ],
                "userProperties": [],
                "typeProperties": {
                    "dataset": {
                        "referenceName": "DS_DelimitedText1",
                        "type": "DatasetReference"
                    },
                    "timeout": "0.00:05:00",
                    "sleep": 10,
                    "childItems": true
                }
            },
            {
                "name": "Get Metadata Activity",
                "type": "GetMetadata",
                "dependsOn": [
                    {
                        "activity": "Validation Activity Folder exists or not",
                        "dependencyConditions": [
                            "Succeeded"
                        ]
                    }
                ],
                "policy": {
                    "timeout": "0.00:11:00",
                    "retry": 2,
                    "retryIntervalInSeconds": 30,
                    "secureOutput": false,
                    "secureInput": false
                },
                "userProperties": [],
                "typeProperties": {
                    "dataset": {
                        "referenceName": "DS_DelimitedText1",
                        "type": "DatasetReference"
                    },
                    "fieldList": [
                        "childItems",
                        "exists",
                        "itemName",
                        "itemType",
                        "lastModified"
                    ],
                    "storeSettings": {
                        "type": "AzureBlobStorageReadSettings",
                        "recursive": true,
                        "enablePartitionDiscovery": false
                    },
                    "formatSettings": {
                        "type": "DelimitedTextReadSettings"
                    }
                }
            },
            {
                "name": "Filter1",
                "type": "Filter",
                "dependsOn": [
                    {
                        "activity": "Get Metadata Activity",
                        "dependencyConditions": [
                            "Succeeded"
                        ]
                    }
                ],
                "userProperties": [],
                "typeProperties": {
                    "items": {
                        "value": "@activity('Get Metadata Activity').output.childItems",
                        "type": "Expression"
                    },
                    "condition": {
                        "value": "@endswith(item().name, '.csv')",
                        "type": "Expression"
                    }
                }
            },
            {
                "name": "ForEach",
                "type": "ForEach",
                "dependsOn": [
                    {
                        "activity": "Filter1",
                        "dependencyConditions": [
                            "Succeeded"
                        ]
                    }
                ],
                "userProperties": [],
                "typeProperties": {
                    "items": {
                        "value": "@activity('Filter1').output.Value",
                        "type": "Expression"
                    },
                    "activities": [
                        {
                            "name": "Copy data from source",
                            "type": "Copy",
                            "dependsOn": [],
                            "policy": {
                                "timeout": "0.12:00:00",
                                "retry": 0,
                                "retryIntervalInSeconds": 30,
                                "secureOutput": false,
                                "secureInput": false
                            },
                            "userProperties": [],
                            "typeProperties": {
                                "source": {
                                    "type": "DelimitedTextSource",
                                    "storeSettings": {
                                        "type": "AzureBlobStorageReadSettings",
                                        "recursive": true,
                                        "enablePartitionDiscovery": false
                                    },
                                    "formatSettings": {
                                        "type": "DelimitedTextReadSettings"
                                    }
                                },
                                "sink": {
                                    "type": "DelimitedTextSink",
                                    "storeSettings": {
                                        "type": "AzureBlobFSWriteSettings"
                                    },
                                    "formatSettings": {
                                        "type": "DelimitedTextWriteSettings",
                                        "quoteAllText": true,
                                        "fileExtension": ""
                                    }
                                },
                                "enableStaging": false,
                                "translator": {
                                    "type": "TabularTranslator",
                                    "typeConversion": true,
                                    "typeConversionSettings": {
                                        "allowDataTruncation": true,
                                        "treatBooleanAsNumber": false
                                    }
                                }
                            },
                            "inputs": [
                                {
                                    "referenceName": "DS_SourceDS",
                                    "type": "DatasetReference",
                                    "parameters": {
                                        "filename": {
                                            "value": "@item().name",
                                            "type": "Expression"
                                        }
                                    }
                                }
                            ],
                            "outputs": [
                                {
                                    "referenceName": "DS_DelimitedTextDest",
                                    "type": "DatasetReference"
                                }
                            ]
                        }
                    ]
                }
            },
            {
                "name": "Execute Pipeline1",
                "type": "ExecutePipeline",
                "dependsOn": [],
                "policy": {
                    "secureInput": false
                },
                "userProperties": [],
                "typeProperties": {
                    "pipeline": {
                        "referenceName": "Unzip_And_Save",
                        "type": "PipelineReference"
                    },
                    "waitOnCompletion": true
                }
            }
        ],
        "annotations": [],
        "lastPublishTime": "2024-02-25T21:36:24Z"
    },
    "type": "Microsoft.DataFactory/factories/pipelines"
}