{
    "name": "DS_BlobBinary",
    "properties": {
        "linkedServiceName": {
            "referenceName": "LS_AzureBlobStorage",
            "type": "LinkedServiceReference"
        },
        "folder": {
            "name": "Blob DS"
        },
        "annotations": [],
        "type": "Binary",
        "typeProperties": {
            "location": {
                "type": "AzureBlobStorageLocation",
                "fileName": "archive.zip",
                "container": "raw"
            },
            "compression": {
                "type": "ZipDeflate",
                "level": "Optimal"
            }
        }
    },
    "type": "Microsoft.DataFactory/factories/datasets"
}