{
    "now": "2024-02-25T22:10:18.736Z",
    "perfNow": 1986165.300000012,
    "diagnosticCorrelation": "a7395bef-4504-480f-93c0-bb03b791f1d3",
    "source": "DownloadSupportFiles",
    "environment": {
        "productName": "adf",
        "buildVersion": "1.0.021624.1",
        "environmentType": 3,
        "resourceName": "sidadf25022024",
        "resourceRegion": "centralindia",
        "resourceGroup": "1-4c69dfaa-playground-sandbox",
        "subscriptionId": "9734ed68-621d-47ed-babd-269110dbacb1",
        "sessionId": "N5p/dduLRHYaqNVub8+vkR",
        "operationId": "",
        "gitType": "live",
        "loggingKey": "82859cf4-6ffa-44a6-8a30-4c075e4a3ef5"
    },
    "additionalInfo": {
        "selectedResource": "DS_BlobBinary",
        "selectedResourceType": "dataset"
    }
}