{
    "now": "2024-02-25T22:10:04.074Z",
    "perfNow": 1971502,
    "diagnosticCorrelation": "831aa2bc-de3a-4286-af84-5d8f9c3bf8f4",
    "source": "DownloadSupportFiles",
    "environment": {
        "productName": "adf",
        "buildVersion": "1.0.021624.1",
        "environmentType": 3,
        "resourceName": "sidadf25022024",
        "resourceRegion": "centralindia",
        "resourceGroup": "1-4c69dfaa-playground-sandbox",
        "subscriptionId": "9734ed68-621d-47ed-babd-269110dbacb1",
        "sessionId": "N5p/dduLRHYaqNVub8+vkR",
        "operationId": "",
        "gitType": "live",
        "loggingKey": "82859cf4-6ffa-44a6-8a30-4c075e4a3ef5"
    },
    "additionalInfo": {
        "selectedResource": "Binary1",
        "selectedResourceType": "dataset"
    }
}