{
    "now": "2024-02-25T22:09:13.659Z",
    "perfNow": 1921086.5999999642,
    "diagnosticCorrelation": "8876426d-2415-4393-9368-86b6401a4904",
    "source": "DownloadSupportFiles",
    "environment": {
        "productName": "adf",
        "buildVersion": "1.0.021624.1",
        "environmentType": 3,
        "resourceName": "sidadf25022024",
        "resourceRegion": "centralindia",
        "resourceGroup": "1-4c69dfaa-playground-sandbox",
        "subscriptionId": "9734ed68-621d-47ed-babd-269110dbacb1",
        "sessionId": "N5p/dduLRHYaqNVub8+vkR",
        "operationId": "",
        "gitType": "live",
        "loggingKey": "82859cf4-6ffa-44a6-8a30-4c075e4a3ef5"
    },
    "additionalInfo": {
        "selectedResource": "Unzip_And_Save",
        "selectedResourceType": "pipeline"
    }
}